[
  {
    "text": "Watching my web dev lecture... This class is so awesome!  Pass the popcorn.",
    "author": "CSMajor2021"
  },
  {
    "text": "Isn't it great to have baseball back?  Go Beavs!",
    "author": "BeaverBeliever"
  },
  {
    "text": "A body in motion must remain in motion unless acted upon by an outside force.",
    "author": "NewtonRulez"
  },
  {
    "text": "Huh?",
    "author": "ConfusedTweeterer"
  },
  {
    "text": "Why did the calf cross the road?",
    "author": "Setup"
  },
  {
    "text": "To get to the udder side!",
    "author": "Punchline"
  },
  {
    "text": "Any questions about flexboxes?",
    "author": "Hess"
  },
  {
    "text": "Friendly reminder: the tax deadline was extended.  You're welcome.",
    "author": "TheIRS"
  }
]
